Daily commit on 2025-07-21 23:02:15.785687
Daily commit on 2025-07-21 23:09:59.021143
Daily commit on 2025-07-21 23:16:46.891004
Daily commit on 2025-07-21 23:18:51.829894
Daily commit on 2025-07-22 06:34:22.436276
Daily commit on 2025-07-22 06:39:00.786114
Daily commit on 2025-07-22 06:40:00.759807
Daily commit on 2025-07-22 06:41:00.631483
Daily commit on 2025-07-22 06:42:00.687846
Committed on Tue Jul 22 12:54:25 UTC 2025
Committed on Tue Jul 22 13:29:12 UTC 2025
Committed on Tue Jul 22 13:57:18 UTC 2025
Committed on Tue Jul 22 14:28:50 UTC 2025
Committed on Tue Jul 22 14:50:25 UTC 2025
Committed on Tue Jul 22 15:13:17 UTC 2025
Committed on Tue Jul 22 15:40:16 UTC 2025
Committed on Tue Jul 22 15:55:49 UTC 2025
Committed on Tue Jul 22 16:33:43 UTC 2025
Committed on Tue Jul 22 16:56:59 UTC 2025
Committed on Tue Jul 22 17:27:59 UTC 2025
Committed on Tue Jul 22 17:48:38 UTC 2025
Committed on Tue Jul 22 18:00:22 UTC 2025
Committed on Tue Jul 22 18:44:03 UTC 2025
Committed on Tue Jul 22 19:01:26 UTC 2025
Committed on Tue Jul 22 19:26:36 UTC 2025
Committed on Tue Jul 22 19:40:40 UTC 2025
Committed on Tue Jul 22 19:52:36 UTC 2025
Committed on Tue Jul 22 20:19:40 UTC 2025
Committed on Tue Jul 22 20:41:33 UTC 2025
Committed on Tue Jul 22 20:55:47 UTC 2025
Committed on Tue Jul 22 21:24:54 UTC 2025
Committed on Tue Jul 22 21:42:44 UTC 2025
Committed on Tue Jul 22 21:54:14 UTC 2025
Committed on Tue Jul 22 22:20:35 UTC 2025
Committed on Tue Jul 22 22:42:05 UTC 2025
Committed on Tue Jul 22 22:55:18 UTC 2025
Committed on Tue Jul 22 23:23:38 UTC 2025
Committed on Tue Jul 22 23:41:53 UTC 2025
Committed on Tue Jul 22 23:53:57 UTC 2025
Committed on Wed Jul 23 01:48:03 UTC 2025
Committed on Wed Jul 23 03:23:17 UTC 2025
Committed on Wed Jul 23 04:23:26 UTC 2025
Committed on Wed Jul 23 04:58:28 UTC 2025
Committed on Wed Jul 23 05:36:48 UTC 2025
Committed on Wed Jul 23 05:55:56 UTC 2025
Committed on Wed Jul 23 06:38:51 UTC 2025
Committed on Wed Jul 23 07:00:37 UTC 2025
Committed on Wed Jul 23 07:32:58 UTC 2025
Committed on Wed Jul 23 07:50:00 UTC 2025
Committed on Wed Jul 23 08:15:48 UTC 2025
Committed on Wed Jul 23 08:47:34 UTC 2025
Committed on Wed Jul 23 09:13:39 UTC 2025
Committed on Wed Jul 23 09:43:49 UTC 2025
Committed on Wed Jul 23 09:57:40 UTC 2025
Committed on Wed Jul 23 10:32:59 UTC 2025
Committed on Wed Jul 23 10:53:22 UTC 2025
Committed on Wed Jul 23 11:17:09 UTC 2025
Committed on Wed Jul 23 11:36:34 UTC 2025
Committed on Wed Jul 23 11:49:39 UTC 2025
Committed on Wed Jul 23 12:20:13 UTC 2025
Committed on Wed Jul 23 13:10:15 UTC 2025
Committed on Wed Jul 23 13:49:03 UTC 2025
Committed on Wed Jul 23 14:11:34 UTC 2025
Committed on Wed Jul 23 15:22:24 UTC 2025
Committed on Wed Jul 23 16:25:54 UTC 2025
Committed on Wed Jul 23 17:20:19 UTC 2025
Committed on Wed Jul 23 18:28:40 UTC 2025
Committed on Wed Jul 23 19:17:09 UTC 2025
Committed on Wed Jul 23 20:21:57 UTC 2025
Committed on Wed Jul 23 21:18:46 UTC 2025
Committed on Wed Jul 23 22:19:20 UTC 2025
Committed on Wed Jul 23 23:19:34 UTC 2025
Committed on Thu Jul 24 01:42:38 UTC 2025
Committed on Thu Jul 24 03:28:00 UTC 2025
Committed on Thu Jul 24 04:38:18 UTC 2025
Committed on Thu Jul 24 05:24:41 UTC 2025
Committed on Thu Jul 24 06:30:25 UTC 2025
Committed on Thu Jul 24 07:22:11 UTC 2025
Committed on Thu Jul 24 08:27:30 UTC 2025
Committed on Thu Jul 24 09:24:16 UTC 2025
Committed on Thu Jul 24 10:22:02 UTC 2025
Committed on Thu Jul 24 11:17:13 UTC 2025
Committed on Thu Jul 24 12:41:20 UTC 2025
Committed on Thu Jul 24 13:37:15 UTC 2025
Committed on Thu Jul 24 14:20:39 UTC 2025
Committed on Thu Jul 24 15:19:21 UTC 2025
Committed on Thu Jul 24 16:22:16 UTC 2025
Committed on Thu Jul 24 17:18:04 UTC 2025
Committed on Thu Jul 24 18:28:56 UTC 2025
Committed on Thu Jul 24 19:17:09 UTC 2025
Committed on Thu Jul 24 20:20:04 UTC 2025
Committed on Thu Jul 24 21:19:06 UTC 2025
Committed on Thu Jul 24 22:19:21 UTC 2025
Committed on Thu Jul 24 23:19:12 UTC 2025
Committed on Fri Jul 25 01:42:15 UTC 2025
Committed on Fri Jul 25 03:28:24 UTC 2025
Committed on Fri Jul 25 04:37:52 UTC 2025
Committed on Fri Jul 25 05:26:17 UTC 2025
Committed on Fri Jul 25 06:30:37 UTC 2025
Committed on Fri Jul 25 07:21:48 UTC 2025
Committed on Fri Jul 25 08:26:43 UTC 2025
Committed on Fri Jul 25 09:23:23 UTC 2025
Committed on Fri Jul 25 10:21:27 UTC 2025
Committed on Fri Jul 25 11:17:11 UTC 2025
Committed on Fri Jul 25 12:40:03 UTC 2025
Committed on Fri Jul 25 13:35:11 UTC 2025
Committed on Fri Jul 25 14:18:07 UTC 2025
Committed on Fri Jul 25 15:20:49 UTC 2025
Committed on Fri Jul 25 16:24:59 UTC 2025
Committed on Fri Jul 25 17:18:54 UTC 2025
Committed on Fri Jul 25 18:28:33 UTC 2025
Committed on Fri Jul 25 19:16:55 UTC 2025
Committed on Fri Jul 25 20:21:09 UTC 2025
Committed on Fri Jul 25 21:18:19 UTC 2025
Committed on Fri Jul 25 22:18:32 UTC 2025
Committed on Fri Jul 25 23:18:55 UTC 2025
Committed on Sat Jul 26 01:39:32 UTC 2025
Committed on Sat Jul 26 03:25:01 UTC 2025
Committed on Sat Jul 26 04:34:50 UTC 2025
Committed on Sat Jul 26 05:21:44 UTC 2025
Committed on Sat Jul 26 06:27:49 UTC 2025
Committed on Sat Jul 26 07:18:33 UTC 2025
Committed on Sat Jul 26 08:23:54 UTC 2025
Committed on Sat Jul 26 09:18:53 UTC 2025
Committed on Sat Jul 26 10:19:12 UTC 2025
Committed on Sat Jul 26 11:15:58 UTC 2025
Committed on Sat Jul 26 12:36:59 UTC 2025
Committed on Sat Jul 26 13:30:38 UTC 2025
Committed on Sat Jul 26 14:17:30 UTC 2025
Committed on Sat Jul 26 15:18:44 UTC 2025
Committed on Sat Jul 26 16:22:17 UTC 2025
Committed on Sat Jul 26 17:18:23 UTC 2025
Committed on Sat Jul 26 18:26:26 UTC 2025
Committed on Sat Jul 26 19:14:48 UTC 2025
Committed on Sat Jul 26 20:19:52 UTC 2025
Committed on Sat Jul 26 21:17:11 UTC 2025
Committed on Sat Jul 26 22:18:11 UTC 2025
Committed on Sat Jul 26 23:18:22 UTC 2025
Committed on Sun Jul 27 01:50:33 UTC 2025
Committed on Sun Jul 27 03:46:09 UTC 2025
Committed on Sun Jul 27 04:42:07 UTC 2025
Committed on Sun Jul 27 05:24:31 UTC 2025
Committed on Sun Jul 27 06:28:15 UTC 2025
Committed on Sun Jul 27 07:17:56 UTC 2025
Committed on Sun Jul 27 08:23:42 UTC 2025
Committed on Sun Jul 27 09:19:14 UTC 2025
Committed on Sun Jul 27 10:19:24 UTC 2025
Committed on Sun Jul 27 11:15:44 UTC 2025
Committed on Sun Jul 27 12:37:53 UTC 2025
Committed on Sun Jul 27 13:29:41 UTC 2025
Committed on Sun Jul 27 14:17:03 UTC 2025
Committed on Sun Jul 27 15:18:45 UTC 2025
Committed on Sun Jul 27 16:22:32 UTC 2025
Committed on Sun Jul 27 17:17:29 UTC 2025
Committed on Sun Jul 27 18:26:29 UTC 2025
Committed on Sun Jul 27 19:16:01 UTC 2025
Committed on Sun Jul 27 20:20:20 UTC 2025
Committed on Sun Jul 27 21:17:41 UTC 2025
Committed on Sun Jul 27 22:18:09 UTC 2025
Committed on Sun Jul 27 23:19:07 UTC 2025
Committed on Mon Jul 28 01:48:55 UTC 2025
Committed on Mon Jul 28 03:44:52 UTC 2025
Committed on Mon Jul 28 04:44:28 UTC 2025
Committed on Mon Jul 28 05:27:10 UTC 2025
Committed on Mon Jul 28 06:32:22 UTC 2025
Committed on Mon Jul 28 07:24:04 UTC 2025
Committed on Mon Jul 28 08:29:31 UTC 2025
Committed on Mon Jul 28 09:27:09 UTC 2025
Committed on Mon Jul 28 10:21:48 UTC 2025
Committed on Mon Jul 28 11:17:23 UTC 2025
Committed on Mon Jul 28 12:42:11 UTC 2025
Committed on Mon Jul 28 13:38:35 UTC 2025
Committed on Mon Jul 28 14:21:20 UTC 2025
Committed on Mon Jul 28 15:22:02 UTC 2025
Committed on Mon Jul 28 16:26:39 UTC 2025
Committed on Mon Jul 28 17:20:50 UTC 2025
Committed on Mon Jul 28 18:30:16 UTC 2025
Committed on Mon Jul 28 19:17:54 UTC 2025
Committed on Mon Jul 28 20:22:14 UTC 2025
Committed on Mon Jul 28 21:18:14 UTC 2025
Committed on Mon Jul 28 22:19:48 UTC 2025
Committed on Mon Jul 28 23:19:43 UTC 2025
Committed on Tue Jul 29 01:54:31 UTC 2025
Committed on Tue Jul 29 03:48:36 UTC 2025
Committed on Tue Jul 29 04:46:46 UTC 2025
Committed on Tue Jul 29 05:27:26 UTC 2025
Committed on Tue Jul 29 06:30:57 UTC 2025
Committed on Tue Jul 29 07:23:07 UTC 2025
Committed on Tue Jul 29 08:27:44 UTC 2025
Committed on Tue Jul 29 09:25:11 UTC 2025
Committed on Tue Jul 29 10:21:25 UTC 2025
Committed on Tue Jul 29 11:17:29 UTC 2025
Committed on Tue Jul 29 12:42:21 UTC 2025
Committed on Tue Jul 29 13:39:38 UTC 2025
Committed on Tue Jul 29 14:23:27 UTC 2025
Committed on Tue Jul 29 15:23:05 UTC 2025
Committed on Tue Jul 29 16:24:30 UTC 2025
Committed on Tue Jul 29 17:20:48 UTC 2025
Committed on Tue Jul 29 18:30:26 UTC 2025
Committed on Tue Jul 29 19:19:25 UTC 2025
Committed on Tue Jul 29 20:22:30 UTC 2025
Committed on Tue Jul 29 21:18:55 UTC 2025
Committed on Tue Jul 29 22:19:29 UTC 2025
Committed on Tue Jul 29 23:19:08 UTC 2025
Committed on Wed Jul 30 01:44:58 UTC 2025
Committed on Wed Jul 30 03:41:57 UTC 2025
Committed on Wed Jul 30 04:42:06 UTC 2025
Committed on Wed Jul 30 05:27:58 UTC 2025
Committed on Wed Jul 30 06:32:21 UTC 2025
Committed on Wed Jul 30 07:23:28 UTC 2025
Committed on Wed Jul 30 08:27:59 UTC 2025
Committed on Wed Jul 30 09:27:14 UTC 2025
Committed on Wed Jul 30 10:21:44 UTC 2025
Committed on Wed Jul 30 11:17:51 UTC 2025
Committed on Wed Jul 30 12:42:00 UTC 2025
Committed on Wed Jul 30 13:39:09 UTC 2025
Committed on Wed Jul 30 14:20:07 UTC 2025
Committed on Wed Jul 30 15:21:28 UTC 2025
Committed on Wed Jul 30 16:25:27 UTC 2025
Committed on Wed Jul 30 17:19:28 UTC 2025
Committed on Wed Jul 30 18:29:24 UTC 2025
Committed on Wed Jul 30 19:17:49 UTC 2025
Committed on Wed Jul 30 20:20:36 UTC 2025
Committed on Wed Jul 30 21:18:46 UTC 2025
Committed on Wed Jul 30 22:19:22 UTC 2025
Committed on Wed Jul 30 23:19:18 UTC 2025
Committed on Thu Jul 31 01:44:11 UTC 2025
Committed on Thu Jul 31 03:40:35 UTC 2025
Committed on Thu Jul 31 04:40:58 UTC 2025
Committed on Thu Jul 31 05:25:37 UTC 2025
Committed on Thu Jul 31 06:30:34 UTC 2025
Committed on Thu Jul 31 07:23:05 UTC 2025
Committed on Thu Jul 31 08:28:00 UTC 2025
Committed on Thu Jul 31 09:25:51 UTC 2025
Committed on Thu Jul 31 10:21:32 UTC 2025
Committed on Thu Jul 31 11:17:21 UTC 2025
Committed on Thu Jul 31 12:40:26 UTC 2025
Committed on Thu Jul 31 13:37:21 UTC 2025
Committed on Thu Jul 31 14:20:53 UTC 2025
Committed on Thu Jul 31 15:21:32 UTC 2025
Committed on Thu Jul 31 16:25:22 UTC 2025
Committed on Thu Jul 31 17:19:49 UTC 2025
Committed on Thu Jul 31 18:29:46 UTC 2025
Committed on Thu Jul 31 19:17:56 UTC 2025
Committed on Thu Jul 31 20:22:27 UTC 2025
Committed on Thu Jul 31 21:18:49 UTC 2025
Committed on Thu Jul 31 22:19:07 UTC 2025
Committed on Thu Jul 31 23:19:13 UTC 2025
Committed on Fri Aug  1 01:54:06 UTC 2025
Committed on Fri Aug  1 03:54:51 UTC 2025
Committed on Fri Aug  1 04:53:18 UTC 2025
Committed on Fri Aug  1 05:30:35 UTC 2025
Committed on Fri Aug  1 06:31:40 UTC 2025
Committed on Fri Aug  1 07:24:46 UTC 2025
Committed on Fri Aug  1 08:27:49 UTC 2025
Committed on Fri Aug  1 09:25:23 UTC 2025
Committed on Fri Aug  1 10:21:31 UTC 2025
Committed on Fri Aug  1 11:17:14 UTC 2025
Committed on Fri Aug  1 12:41:06 UTC 2025
Committed on Fri Aug  1 13:36:50 UTC 2025
Committed on Fri Aug  1 14:20:27 UTC 2025
Committed on Fri Aug  1 15:21:15 UTC 2025
Committed on Fri Aug  1 16:26:16 UTC 2025
Committed on Fri Aug  1 17:20:25 UTC 2025
Committed on Fri Aug  1 18:29:14 UTC 2025
Committed on Fri Aug  1 19:17:03 UTC 2025
Committed on Fri Aug  1 20:21:19 UTC 2025
Committed on Fri Aug  1 21:18:28 UTC 2025
Committed on Fri Aug  1 22:18:47 UTC 2025
Committed on Fri Aug  1 23:19:12 UTC 2025
Committed on Sat Aug  2 01:39:48 UTC 2025
Committed on Sat Aug  2 03:24:26 UTC 2025
Committed on Sat Aug  2 04:34:01 UTC 2025
Committed on Sat Aug  2 05:22:46 UTC 2025
Committed on Sat Aug  2 06:27:15 UTC 2025
Committed on Sat Aug  2 07:17:48 UTC 2025
Committed on Sat Aug  2 08:23:57 UTC 2025
Committed on Sat Aug  2 09:21:11 UTC 2025
Committed on Sat Aug  2 10:19:34 UTC 2025
Committed on Sat Aug  2 11:16:21 UTC 2025
Committed on Sat Aug  2 12:37:35 UTC 2025
Committed on Sat Aug  2 13:29:18 UTC 2025
Committed on Sat Aug  2 14:17:32 UTC 2025
Committed on Sat Aug  2 15:18:53 UTC 2025
Committed on Sat Aug  2 16:22:43 UTC 2025
Committed on Sat Aug  2 17:16:25 UTC 2025
Committed on Sat Aug  2 18:27:09 UTC 2025
Committed on Sat Aug  2 19:14:36 UTC 2025
Committed on Sat Aug  2 20:20:06 UTC 2025
Committed on Sat Aug  2 21:17:19 UTC 2025
Committed on Sat Aug  2 22:18:08 UTC 2025
Committed on Sat Aug  2 23:20:00 UTC 2025
Committed on Sun Aug  3 01:51:56 UTC 2025
Committed on Sun Aug  3 03:49:54 UTC 2025
Committed on Sun Aug  3 04:48:00 UTC 2025
Committed on Sun Aug  3 05:25:54 UTC 2025
Committed on Sun Aug  3 06:27:28 UTC 2025
Committed on Sun Aug  3 07:17:46 UTC 2025
Committed on Sun Aug  3 08:23:58 UTC 2025
Committed on Sun Aug  3 09:18:57 UTC 2025
Committed on Sun Aug  3 10:19:34 UTC 2025
Committed on Sun Aug  3 11:16:45 UTC 2025
Committed on Sun Aug  3 12:39:11 UTC 2025
Committed on Sun Aug  3 13:31:29 UTC 2025
Committed on Sun Aug  3 14:16:44 UTC 2025
Committed on Sun Aug  3 15:18:51 UTC 2025
Committed on Sun Aug  3 16:22:59 UTC 2025
Committed on Sun Aug  3 17:17:10 UTC 2025
Committed on Sun Aug  3 18:27:36 UTC 2025
Committed on Sun Aug  3 19:15:55 UTC 2025
Committed on Sun Aug  3 20:21:09 UTC 2025
Committed on Sun Aug  3 21:18:09 UTC 2025
Committed on Sun Aug  3 22:18:39 UTC 2025
Committed on Sun Aug  3 23:18:59 UTC 2025
Committed on Mon Aug  4 01:52:20 UTC 2025
Committed on Mon Aug  4 03:54:58 UTC 2025
Committed on Mon Aug  4 04:56:41 UTC 2025
Committed on Mon Aug  4 05:37:52 UTC 2025
Committed on Mon Aug  4 06:36:39 UTC 2025
Committed on Mon Aug  4 07:28:09 UTC 2025
Committed on Mon Aug  4 08:29:25 UTC 2025
Committed on Mon Aug  4 09:30:55 UTC 2025
Committed on Mon Aug  4 10:23:12 UTC 2025
Committed on Mon Aug  4 11:18:03 UTC 2025
Committed on Mon Aug  4 12:42:56 UTC 2025
Committed on Mon Aug  4 13:40:32 UTC 2025
Committed on Mon Aug  4 14:23:52 UTC 2025
Committed on Mon Aug  4 15:22:43 UTC 2025
Committed on Mon Aug  4 16:27:23 UTC 2025
Committed on Mon Aug  4 17:23:26 UTC 2025
Committed on Mon Aug  4 18:30:37 UTC 2025
Committed on Mon Aug  4 19:18:53 UTC 2025
Committed on Mon Aug  4 20:22:54 UTC 2025
Committed on Mon Aug  4 21:19:25 UTC 2025
Committed on Mon Aug  4 22:19:55 UTC 2025
Committed on Mon Aug  4 23:19:13 UTC 2025
Committed on Tue Aug  5 01:47:20 UTC 2025
Committed on Tue Aug  5 03:46:07 UTC 2025
Committed on Tue Aug  5 04:46:56 UTC 2025
Committed on Tue Aug  5 05:27:59 UTC 2025
Committed on Tue Aug  5 06:32:21 UTC 2025
Committed on Tue Aug  5 07:24:40 UTC 2025
Committed on Tue Aug  5 08:28:33 UTC 2025
Committed on Tue Aug  5 09:26:16 UTC 2025
Committed on Tue Aug  5 10:21:51 UTC 2025
Committed on Tue Aug  5 11:18:04 UTC 2025
Committed on Tue Aug  5 12:43:05 UTC 2025
Committed on Tue Aug  5 13:40:23 UTC 2025
Committed on Tue Aug  5 14:23:49 UTC 2025
Committed on Tue Aug  5 15:23:25 UTC 2025
Committed on Tue Aug  5 16:21:14 UTC 2025
Committed on Tue Aug  5 17:18:36 UTC 2025
Committed on Tue Aug  5 18:31:47 UTC 2025
Committed on Tue Aug  5 19:20:19 UTC 2025
Committed on Tue Aug  5 20:20:23 UTC 2025
Committed on Tue Aug  5 21:19:12 UTC 2025
Committed on Tue Aug  5 22:19:50 UTC 2025
Committed on Tue Aug  5 23:19:15 UTC 2025
Committed on Wed Aug  6 01:45:36 UTC 2025
Committed on Wed Aug  6 03:43:09 UTC 2025
Committed on Wed Aug  6 04:43:23 UTC 2025
Committed on Wed Aug  6 05:29:01 UTC 2025
Committed on Wed Aug  6 06:32:32 UTC 2025
Committed on Wed Aug  6 07:24:11 UTC 2025
Committed on Wed Aug  6 08:27:58 UTC 2025
Committed on Wed Aug  6 09:26:54 UTC 2025
Committed on Wed Aug  6 10:22:00 UTC 2025
Committed on Wed Aug  6 11:17:54 UTC 2025
Committed on Wed Aug  6 12:42:56 UTC 2025
Committed on Wed Aug  6 13:41:08 UTC 2025
Committed on Wed Aug  6 14:23:32 UTC 2025
Committed on Wed Aug  6 15:22:21 UTC 2025
Committed on Wed Aug  6 16:26:22 UTC 2025
Committed on Wed Aug  6 17:21:11 UTC 2025
Committed on Wed Aug  6 18:28:51 UTC 2025
Committed on Wed Aug  6 19:18:02 UTC 2025
Committed on Wed Aug  6 20:21:53 UTC 2025
Committed on Wed Aug  6 21:17:06 UTC 2025
Committed on Wed Aug  6 22:20:14 UTC 2025
Committed on Wed Aug  6 23:19:36 UTC 2025
Committed on Thu Aug  7 01:45:51 UTC 2025
Committed on Thu Aug  7 03:43:05 UTC 2025
Committed on Thu Aug  7 04:43:07 UTC 2025
Committed on Thu Aug  7 05:27:19 UTC 2025
Committed on Thu Aug  7 06:31:49 UTC 2025
Committed on Thu Aug  7 07:24:04 UTC 2025
Committed on Thu Aug  7 08:28:04 UTC 2025
Committed on Thu Aug  7 09:26:05 UTC 2025
Committed on Thu Aug  7 10:21:13 UTC 2025
Committed on Thu Aug  7 11:18:16 UTC 2025
Committed on Thu Aug  7 12:42:29 UTC 2025
Committed on Thu Aug  7 13:39:31 UTC 2025
Committed on Thu Aug  7 14:22:50 UTC 2025
Committed on Thu Aug  7 15:22:31 UTC 2025
Committed on Thu Aug  7 16:26:40 UTC 2025
Committed on Thu Aug  7 17:20:39 UTC 2025
Committed on Thu Aug  7 18:30:46 UTC 2025
Committed on Thu Aug  7 19:19:15 UTC 2025
Committed on Thu Aug  7 20:22:03 UTC 2025
Committed on Thu Aug  7 21:17:28 UTC 2025
Committed on Thu Aug  7 22:19:43 UTC 2025
Committed on Thu Aug  7 23:19:38 UTC 2025
Committed on Fri Aug  8 01:45:13 UTC 2025
Committed on Fri Aug  8 03:42:38 UTC 2025
Committed on Fri Aug  8 04:43:20 UTC 2025
Committed on Fri Aug  8 05:27:10 UTC 2025
Committed on Fri Aug  8 06:31:43 UTC 2025
Committed on Fri Aug  8 07:24:13 UTC 2025
Committed on Fri Aug  8 08:27:53 UTC 2025
Committed on Fri Aug  8 09:25:57 UTC 2025
Committed on Fri Aug  8 10:21:19 UTC 2025
Committed on Fri Aug  8 11:17:15 UTC 2025
Committed on Fri Aug  8 12:41:29 UTC 2025
Committed on Fri Aug  8 13:37:38 UTC 2025
Committed on Fri Aug  8 14:21:00 UTC 2025
Committed on Fri Aug  8 15:20:43 UTC 2025
Committed on Fri Aug  8 16:23:06 UTC 2025
Committed on Fri Aug  8 17:14:58 UTC 2025
Committed on Fri Aug  8 18:27:08 UTC 2025
Committed on Fri Aug  8 19:15:20 UTC 2025
Committed on Fri Aug  8 20:21:02 UTC 2025
Committed on Fri Aug  8 21:17:30 UTC 2025
Committed on Fri Aug  8 22:18:07 UTC 2025
Committed on Fri Aug  8 23:18:11 UTC 2025
Committed on Sat Aug  9 01:27:54 UTC 2025
Committed on Sat Aug  9 03:18:45 UTC 2025
Committed on Sat Aug  9 04:28:00 UTC 2025
Committed on Sat Aug  9 05:18:13 UTC 2025
Committed on Sat Aug  9 06:27:30 UTC 2025
Committed on Sat Aug  9 07:17:07 UTC 2025
Committed on Sat Aug  9 08:23:34 UTC 2025
Committed on Sat Aug  9 09:18:42 UTC 2025
Committed on Sat Aug  9 10:18:39 UTC 2025
Committed on Sat Aug  9 11:15:29 UTC 2025
Committed on Sat Aug  9 12:36:57 UTC 2025
Committed on Sat Aug  9 13:27:54 UTC 2025
Committed on Sat Aug  9 14:17:03 UTC 2025
Committed on Sat Aug  9 15:18:14 UTC 2025
Committed on Sat Aug  9 16:22:18 UTC 2025
Committed on Sat Aug  9 17:15:43 UTC 2025
Committed on Sat Aug  9 18:26:11 UTC 2025
Committed on Sat Aug  9 19:13:56 UTC 2025
Committed on Sat Aug  9 20:19:38 UTC 2025
Committed on Sat Aug  9 21:17:02 UTC 2025
Committed on Sat Aug  9 22:17:44 UTC 2025
Committed on Sat Aug  9 23:18:11 UTC 2025
Committed on Sun Aug 10 01:48:51 UTC 2025
Committed on Sun Aug 10 03:42:38 UTC 2025
Committed on Sun Aug 10 04:39:13 UTC 2025
Committed on Sun Aug 10 05:22:18 UTC 2025
Committed on Sun Aug 10 06:27:34 UTC 2025
Committed on Sun Aug 10 07:17:05 UTC 2025
Committed on Sun Aug 10 08:23:48 UTC 2025
Committed on Sun Aug 10 09:19:02 UTC 2025
Committed on Sun Aug 10 10:19:18 UTC 2025
Committed on Sun Aug 10 11:15:13 UTC 2025
Committed on Sun Aug 10 12:37:28 UTC 2025
Committed on Sun Aug 10 13:28:14 UTC 2025
Committed on Sun Aug 10 14:17:01 UTC 2025
Committed on Sun Aug 10 15:18:33 UTC 2025
Committed on Sun Aug 10 16:22:18 UTC 2025
Committed on Sun Aug 10 17:15:12 UTC 2025
Committed on Sun Aug 10 18:25:22 UTC 2025
Committed on Sun Aug 10 19:14:19 UTC 2025
Committed on Sun Aug 10 20:20:02 UTC 2025
Committed on Sun Aug 10 21:17:04 UTC 2025
Committed on Sun Aug 10 22:17:26 UTC 2025
Committed on Sun Aug 10 23:17:41 UTC 2025
Committed on Mon Aug 11 01:45:48 UTC 2025
Committed on Mon Aug 11 03:42:10 UTC 2025
Committed on Mon Aug 11 04:42:12 UTC 2025
Committed on Mon Aug 11 05:26:29 UTC 2025
Committed on Mon Aug 11 06:31:38 UTC 2025
Committed on Mon Aug 11 07:23:37 UTC 2025
Committed on Mon Aug 11 08:28:51 UTC 2025
Committed on Mon Aug 11 09:25:30 UTC 2025
Committed on Mon Aug 11 10:22:04 UTC 2025
Committed on Mon Aug 11 11:17:37 UTC 2025
Committed on Mon Aug 11 12:41:24 UTC 2025
Committed on Mon Aug 11 13:36:56 UTC 2025
Committed on Mon Aug 11 14:20:23 UTC 2025
Committed on Mon Aug 11 15:21:14 UTC 2025
Committed on Mon Aug 11 16:25:26 UTC 2025
Committed on Mon Aug 11 17:18:54 UTC 2025
Committed on Mon Aug 11 18:29:21 UTC 2025
Committed on Mon Aug 11 19:17:07 UTC 2025
Committed on Mon Aug 11 20:19:26 UTC 2025
Committed on Mon Aug 11 21:17:07 UTC 2025
Committed on Mon Aug 11 22:17:52 UTC 2025
Committed on Mon Aug 11 23:17:29 UTC 2025
Committed on Tue Aug 12 01:27:07 UTC 2025
Committed on Tue Aug 12 03:15:52 UTC 2025
Committed on Tue Aug 12 04:26:51 UTC 2025
Committed on Tue Aug 12 05:18:25 UTC 2025
Committed on Tue Aug 12 06:29:28 UTC 2025
Committed on Tue Aug 12 07:19:17 UTC 2025
Committed on Tue Aug 12 08:25:57 UTC 2025
Committed on Tue Aug 12 09:21:47 UTC 2025
Committed on Tue Aug 12 10:20:27 UTC 2025
Committed on Tue Aug 12 11:16:45 UTC 2025
Committed on Tue Aug 12 12:39:10 UTC 2025
Committed on Tue Aug 12 13:33:11 UTC 2025
Committed on Tue Aug 12 14:19:01 UTC 2025
Committed on Tue Aug 12 15:20:36 UTC 2025
Committed on Tue Aug 12 16:24:20 UTC 2025
Committed on Tue Aug 12 17:18:08 UTC 2025
Committed on Tue Aug 12 18:28:58 UTC 2025
Committed on Tue Aug 12 19:15:20 UTC 2025
Committed on Tue Aug 12 20:21:17 UTC 2025
Committed on Tue Aug 12 21:17:47 UTC 2025
Committed on Tue Aug 12 22:17:35 UTC 2025
Committed on Tue Aug 12 23:18:03 UTC 2025
Committed on Wed Aug 13 01:37:20 UTC 2025
Committed on Wed Aug 13 03:18:46 UTC 2025
Committed on Wed Aug 13 04:29:13 UTC 2025
Committed on Wed Aug 13 05:19:30 UTC 2025
Committed on Wed Aug 13 06:29:40 UTC 2025
Committed on Wed Aug 13 07:19:47 UTC 2025
Committed on Wed Aug 13 08:26:36 UTC 2025
Committed on Wed Aug 13 09:21:37 UTC 2025
Committed on Wed Aug 13 10:21:04 UTC 2025
Committed on Wed Aug 13 11:16:49 UTC 2025
Committed on Wed Aug 13 12:39:53 UTC 2025
Committed on Wed Aug 13 13:34:12 UTC 2025
Committed on Wed Aug 13 14:19:17 UTC 2025
Committed on Wed Aug 13 15:17:08 UTC 2025
Committed on Wed Aug 13 16:20:27 UTC 2025
Committed on Wed Aug 13 17:15:17 UTC 2025
Committed on Wed Aug 13 18:27:00 UTC 2025
Committed on Wed Aug 13 19:15:16 UTC 2025
Committed on Wed Aug 13 20:20:45 UTC 2025
Committed on Wed Aug 13 21:17:28 UTC 2025
Committed on Wed Aug 13 22:18:29 UTC 2025
Committed on Wed Aug 13 23:17:50 UTC 2025
Committed on Thu Aug 14 01:38:01 UTC 2025
Committed on Thu Aug 14 03:19:04 UTC 2025
Committed on Thu Aug 14 04:29:19 UTC 2025
Committed on Thu Aug 14 05:19:31 UTC 2025
Committed on Thu Aug 14 06:29:52 UTC 2025
Committed on Thu Aug 14 07:19:32 UTC 2025
Committed on Thu Aug 14 08:26:55 UTC 2025
Committed on Thu Aug 14 09:21:54 UTC 2025
Committed on Thu Aug 14 10:20:47 UTC 2025
Committed on Thu Aug 14 11:16:37 UTC 2025
Committed on Thu Aug 14 12:40:31 UTC 2025
Committed on Thu Aug 14 13:34:39 UTC 2025
Committed on Thu Aug 14 14:18:24 UTC 2025
Committed on Thu Aug 14 15:20:19 UTC 2025
Committed on Thu Aug 14 16:25:23 UTC 2025
Committed on Thu Aug 14 17:16:45 UTC 2025
Committed on Thu Aug 14 18:28:12 UTC 2025
Committed on Thu Aug 14 19:15:18 UTC 2025
Committed on Thu Aug 14 20:21:17 UTC 2025
Committed on Thu Aug 14 21:17:38 UTC 2025
Committed on Thu Aug 14 22:17:44 UTC 2025
Committed on Thu Aug 14 23:17:33 UTC 2025
Committed on Fri Aug 15 01:38:16 UTC 2025
Committed on Fri Aug 15 03:20:14 UTC 2025
Committed on Fri Aug 15 04:29:28 UTC 2025
Committed on Fri Aug 15 05:19:32 UTC 2025
Committed on Fri Aug 15 06:29:17 UTC 2025
Committed on Fri Aug 15 07:18:29 UTC 2025
Committed on Fri Aug 15 08:25:27 UTC 2025
Committed on Fri Aug 15 09:19:59 UTC 2025
Committed on Fri Aug 15 10:19:29 UTC 2025
Committed on Fri Aug 15 11:15:56 UTC 2025
Committed on Fri Aug 15 12:37:26 UTC 2025
Committed on Fri Aug 15 13:29:58 UTC 2025
Committed on Fri Aug 15 14:18:18 UTC 2025
Committed on Fri Aug 15 15:19:22 UTC 2025
Committed on Fri Aug 15 16:23:11 UTC 2025
Committed on Fri Aug 15 17:16:38 UTC 2025
Committed on Fri Aug 15 18:27:17 UTC 2025
Committed on Fri Aug 15 19:14:30 UTC 2025
Committed on Fri Aug 15 20:20:07 UTC 2025
Committed on Fri Aug 15 21:14:47 UTC 2025
Committed on Fri Aug 15 22:17:45 UTC 2025
Committed on Fri Aug 15 23:17:43 UTC 2025
Committed on Sat Aug 16 01:25:09 UTC 2025
Committed on Sat Aug 16 03:13:28 UTC 2025
Committed on Sat Aug 16 04:24:03 UTC 2025
Committed on Sat Aug 16 05:17:38 UTC 2025
Committed on Sat Aug 16 06:26:14 UTC 2025
Committed on Sat Aug 16 07:16:36 UTC 2025
Committed on Sat Aug 16 08:22:43 UTC 2025
Committed on Sat Aug 16 09:18:11 UTC 2025
Committed on Sat Aug 16 10:17:43 UTC 2025
Committed on Sat Aug 16 11:14:10 UTC 2025
Committed on Sat Aug 16 12:35:36 UTC 2025
Committed on Sat Aug 16 13:25:54 UTC 2025
Committed on Sat Aug 16 14:15:34 UTC 2025
Committed on Sat Aug 16 15:16:58 UTC 2025
Committed on Sat Aug 16 16:20:53 UTC 2025
Committed on Sat Aug 16 17:14:34 UTC 2025
Committed on Sat Aug 16 18:24:09 UTC 2025
Committed on Sat Aug 16 19:13:41 UTC 2025
Committed on Sat Aug 16 20:18:45 UTC 2025
Committed on Sat Aug 16 21:16:15 UTC 2025
Committed on Sat Aug 16 22:17:14 UTC 2025
Committed on Sat Aug 16 23:16:27 UTC 2025
Committed on Sun Aug 17 01:43:13 UTC 2025
Committed on Sun Aug 17 03:24:31 UTC 2025
Committed on Sun Aug 17 04:31:21 UTC 2025
Committed on Sun Aug 17 05:18:14 UTC 2025
Committed on Sun Aug 17 06:27:20 UTC 2025
Committed on Sun Aug 17 07:16:40 UTC 2025
Committed on Sun Aug 17 08:23:52 UTC 2025
Committed on Sun Aug 17 09:17:54 UTC 2025
Committed on Sun Aug 17 10:18:15 UTC 2025
Committed on Sun Aug 17 11:14:33 UTC 2025
Committed on Sun Aug 17 12:36:15 UTC 2025
Committed on Sun Aug 17 13:26:49 UTC 2025
Committed on Sun Aug 17 14:16:12 UTC 2025
Committed on Sun Aug 17 15:17:27 UTC 2025
Committed on Sun Aug 17 16:21:18 UTC 2025
Committed on Sun Aug 17 17:15:40 UTC 2025
Committed on Sun Aug 17 18:25:42 UTC 2025
Committed on Sun Aug 17 19:13:56 UTC 2025
Committed on Sun Aug 17 20:19:58 UTC 2025
Committed on Sun Aug 17 21:16:36 UTC 2025
Committed on Sun Aug 17 22:17:24 UTC 2025
Committed on Sun Aug 17 23:17:25 UTC 2025
Committed on Mon Aug 18 01:43:32 UTC 2025
Committed on Mon Aug 18 03:37:42 UTC 2025
Committed on Mon Aug 18 04:37:33 UTC 2025
Committed on Mon Aug 18 05:22:37 UTC 2025
Committed on Mon Aug 18 06:31:35 UTC 2025
Committed on Mon Aug 18 07:21:53 UTC 2025
Committed on Mon Aug 18 08:27:58 UTC 2025
Committed on Mon Aug 18 09:25:07 UTC 2025
Committed on Mon Aug 18 10:21:49 UTC 2025
Committed on Mon Aug 18 11:16:44 UTC 2025
Committed on Mon Aug 18 12:40:22 UTC 2025
Committed on Mon Aug 18 13:34:48 UTC 2025
Committed on Mon Aug 18 14:20:00 UTC 2025
Committed on Mon Aug 18 15:20:52 UTC 2025
Committed on Mon Aug 18 16:24:49 UTC 2025
Committed on Mon Aug 18 17:18:27 UTC 2025
Committed on Mon Aug 18 18:28:33 UTC 2025
Committed on Mon Aug 18 19:15:57 UTC 2025
Committed on Mon Aug 18 20:18:59 UTC 2025
Committed on Mon Aug 18 21:16:07 UTC 2025
Committed on Mon Aug 18 22:15:59 UTC 2025
Committed on Mon Aug 18 23:17:00 UTC 2025
Committed on Tue Aug 19 01:25:14 UTC 2025
Committed on Tue Aug 19 03:09:16 UTC 2025
Committed on Tue Aug 19 04:21:30 UTC 2025
Committed on Tue Aug 19 05:18:05 UTC 2025
Committed on Tue Aug 19 06:28:17 UTC 2025
Committed on Tue Aug 19 07:17:47 UTC 2025
Committed on Tue Aug 19 08:24:42 UTC 2025
Committed on Tue Aug 19 09:19:37 UTC 2025
Committed on Tue Aug 19 10:19:46 UTC 2025
Committed on Tue Aug 19 11:15:19 UTC 2025
Committed on Tue Aug 19 12:37:57 UTC 2025
Committed on Tue Aug 19 13:28:55 UTC 2025
Committed on Tue Aug 19 14:18:09 UTC 2025
Committed on Tue Aug 19 15:19:59 UTC 2025
Committed on Tue Aug 19 16:22:55 UTC 2025
Committed on Tue Aug 19 17:16:14 UTC 2025
Committed on Tue Aug 19 18:23:53 UTC 2025
Committed on Tue Aug 19 19:14:01 UTC 2025
Committed on Tue Aug 19 20:19:53 UTC 2025
Committed on Tue Aug 19 21:16:49 UTC 2025
Committed on Tue Aug 19 22:17:03 UTC 2025
Committed on Tue Aug 19 23:16:27 UTC 2025
Committed on Wed Aug 20 01:23:19 UTC 2025
Committed on Wed Aug 20 03:07:05 UTC 2025
Committed on Wed Aug 20 04:22:09 UTC 2025
Committed on Wed Aug 20 05:18:11 UTC 2025
Committed on Wed Aug 20 06:28:11 UTC 2025
Committed on Wed Aug 20 07:17:56 UTC 2025
Committed on Wed Aug 20 08:24:37 UTC 2025
Committed on Wed Aug 20 09:19:57 UTC 2025
Committed on Wed Aug 20 10:19:33 UTC 2025
Committed on Wed Aug 20 11:15:46 UTC 2025
Committed on Wed Aug 20 12:37:49 UTC 2025
Committed on Wed Aug 20 13:29:23 UTC 2025
Committed on Wed Aug 20 14:19:13 UTC 2025
Committed on Wed Aug 20 15:19:41 UTC 2025
Committed on Wed Aug 20 16:22:47 UTC 2025
Committed on Wed Aug 20 17:15:51 UTC 2025
Committed on Wed Aug 20 18:26:57 UTC 2025
Committed on Wed Aug 20 19:14:11 UTC 2025
Committed on Wed Aug 20 20:20:00 UTC 2025
Committed on Wed Aug 20 21:16:35 UTC 2025
Committed on Wed Aug 20 22:16:00 UTC 2025
Committed on Wed Aug 20 23:16:23 UTC 2025
Committed on Thu Aug 21 01:22:25 UTC 2025
Committed on Thu Aug 21 03:06:01 UTC 2025
Committed on Thu Aug 21 04:21:36 UTC 2025
Committed on Thu Aug 21 05:18:19 UTC 2025
Committed on Thu Aug 21 06:36:56 UTC 2025
Committed on Thu Aug 21 07:20:29 UTC 2025
Committed on Thu Aug 21 08:24:13 UTC 2025
Committed on Thu Aug 21 09:19:29 UTC 2025
Committed on Thu Aug 21 10:19:08 UTC 2025
Committed on Thu Aug 21 11:15:46 UTC 2025
Committed on Thu Aug 21 12:37:19 UTC 2025
Committed on Thu Aug 21 18:04:56 UTC 2025
Committed on Thu Aug 21 18:05:06 UTC 2025
Committed on Fri Aug 22 01:53:06 UTC 2025
Committed on Fri Aug 22 06:35:15 UTC 2025
Committed on Fri Aug 22 12:48:26 UTC 2025
Committed on Fri Aug 22 18:32:58 UTC 2025
Committed on Sat Aug 23 01:48:50 UTC 2025
Committed on Sat Aug 23 06:31:51 UTC 2025
Committed on Sat Aug 23 12:43:52 UTC 2025
Committed on Sat Aug 23 18:29:58 UTC 2025
Committed on Sun Aug 24 02:03:44 UTC 2025
Committed on Sun Aug 24 06:33:11 UTC 2025
Committed on Sun Aug 24 12:44:16 UTC 2025
Committed on Sun Aug 24 18:31:15 UTC 2025
Committed on Mon Aug 25 01:57:49 UTC 2025
Committed on Mon Aug 25 06:37:25 UTC 2025
Committed on Mon Aug 25 12:50:46 UTC 2025
Committed on Mon Aug 25 18:34:36 UTC 2025
Committed on Tue Aug 26 01:54:00 UTC 2025
Committed on Tue Aug 26 06:36:14 UTC 2025
Committed on Tue Aug 26 12:52:04 UTC 2025
Committed on Tue Aug 26 18:32:35 UTC 2025
Committed on Wed Aug 27 01:50:20 UTC 2025
Committed on Wed Aug 27 06:33:28 UTC 2025
Committed on Wed Aug 27 12:48:21 UTC 2025
Committed on Wed Aug 27 18:31:30 UTC 2025
Committed on Thu Aug 28 01:49:33 UTC 2025
Committed on Thu Aug 28 06:34:52 UTC 2025
Committed on Thu Aug 28 12:48:29 UTC 2025
Committed on Thu Aug 28 18:33:04 UTC 2025
Committed on Fri Aug 29 01:49:34 UTC 2025
Committed on Fri Aug 29 06:33:55 UTC 2025
Committed on Fri Aug 29 12:47:14 UTC 2025
Committed on Fri Aug 29 18:30:05 UTC 2025
Committed on Sat Aug 30 01:44:09 UTC 2025
Committed on Sat Aug 30 06:30:27 UTC 2025
Committed on Sat Aug 30 12:41:47 UTC 2025
Committed on Sat Aug 30 18:29:13 UTC 2025
Committed on Sun Aug 31 01:55:08 UTC 2025
Committed on Sun Aug 31 06:31:21 UTC 2025
Committed on Sun Aug 31 12:42:25 UTC 2025
Committed on Sun Aug 31 18:29:54 UTC 2025
Committed on Mon Sep  1 02:05:15 UTC 2025
Committed on Mon Sep  1 06:37:38 UTC 2025
Committed on Mon Sep  1 12:49:59 UTC 2025
Committed on Mon Sep  1 18:31:27 UTC 2025
Committed on Tue Sep  2 01:51:38 UTC 2025
Committed on Tue Sep  2 06:35:25 UTC 2025
Committed on Tue Sep  2 12:49:31 UTC 2025
Committed on Tue Sep  2 18:30:33 UTC 2025
Committed on Wed Sep  3 01:43:56 UTC 2025
Committed on Wed Sep  3 06:32:22 UTC 2025
Committed on Wed Sep  3 12:46:57 UTC 2025
Committed on Wed Sep  3 18:32:03 UTC 2025
Committed on Thu Sep  4 01:44:27 UTC 2025
Committed on Thu Sep  4 06:33:22 UTC 2025
Committed on Thu Sep  4 12:45:02 UTC 2025
Committed on Thu Sep  4 18:31:41 UTC 2025
Committed on Fri Sep  5 01:47:07 UTC 2025
Committed on Fri Sep  5 06:33:37 UTC 2025
Committed on Fri Sep  5 12:45:54 UTC 2025
Committed on Fri Sep  5 18:29:56 UTC 2025
Committed on Sat Sep  6 01:43:50 UTC 2025
Committed on Sat Sep  6 06:30:05 UTC 2025
Committed on Sat Sep  6 12:40:11 UTC 2025
Committed on Sat Sep  6 18:27:49 UTC 2025
Committed on Sun Sep  7 01:52:42 UTC 2025
Committed on Sun Sep  7 06:30:09 UTC 2025
Committed on Sun Sep  7 12:41:01 UTC 2025
Committed on Sun Sep  7 18:28:10 UTC 2025
Committed on Mon Sep  8 01:52:35 UTC 2025
Committed on Mon Sep  8 06:35:43 UTC 2025
Committed on Mon Sep  8 12:50:06 UTC 2025
Committed on Mon Sep  8 18:33:06 UTC 2025
Committed on Tue Sep  9 01:48:47 UTC 2025
Committed on Tue Sep  9 06:34:37 UTC 2025
Committed on Tue Sep  9 12:50:38 UTC 2025
Committed on Tue Sep  9 18:29:16 UTC 2025
Committed on Wed Sep 10 01:45:18 UTC 2025
Committed on Wed Sep 10 06:33:44 UTC 2025
Committed on Wed Sep 10 12:46:49 UTC 2025
Committed on Wed Sep 10 18:32:48 UTC 2025
Committed on Thu Sep 11 01:48:08 UTC 2025
Committed on Thu Sep 11 06:34:21 UTC 2025
Committed on Thu Sep 11 12:45:46 UTC 2025
Committed on Thu Sep 11 18:28:56 UTC 2025
Committed on Fri Sep 12 01:43:30 UTC 2025
Committed on Fri Sep 12 06:33:39 UTC 2025
Committed on Fri Sep 12 12:44:45 UTC 2025
Committed on Fri Sep 12 18:28:28 UTC 2025
Committed on Sat Sep 13 01:39:23 UTC 2025
Committed on Sat Sep 13 06:29:38 UTC 2025
Committed on Sat Sep 13 12:40:42 UTC 2025
Committed on Sat Sep 13 18:27:23 UTC 2025
Committed on Sun Sep 14 01:52:11 UTC 2025
Committed on Sun Sep 14 06:30:44 UTC 2025
Committed on Sun Sep 14 12:40:06 UTC 2025
Committed on Sun Sep 14 18:27:59 UTC 2025
Committed on Mon Sep 15 01:53:48 UTC 2025
Committed on Mon Sep 15 06:36:01 UTC 2025
Committed on Mon Sep 15 12:49:11 UTC 2025
Committed on Mon Sep 15 18:32:37 UTC 2025
Committed on Tue Sep 16 01:45:01 UTC 2025
Committed on Tue Sep 16 06:34:20 UTC 2025
Committed on Tue Sep 16 12:48:31 UTC 2025
Committed on Tue Sep 16 18:32:20 UTC 2025
Committed on Wed Sep 17 01:44:44 UTC 2025
Committed on Wed Sep 17 06:34:25 UTC 2025
Committed on Wed Sep 17 12:48:30 UTC 2025
Committed on Wed Sep 17 18:32:32 UTC 2025
Committed on Thu Sep 18 01:45:01 UTC 2025
Committed on Thu Sep 18 06:34:04 UTC 2025
Committed on Thu Sep 18 12:47:19 UTC 2025
Committed on Thu Sep 18 18:33:12 UTC 2025
Committed on Fri Sep 19 01:48:11 UTC 2025
Committed on Fri Sep 19 06:33:55 UTC 2025
Committed on Fri Sep 19 12:47:41 UTC 2025
Committed on Fri Sep 19 18:31:41 UTC 2025
Committed on Sat Sep 20 01:43:03 UTC 2025
Committed on Sat Sep 20 06:31:23 UTC 2025
Committed on Sat Sep 20 12:42:06 UTC 2025
Committed on Sat Sep 20 18:28:37 UTC 2025
Committed on Sun Sep 21 01:55:17 UTC 2025
Committed on Sun Sep 21 06:32:18 UTC 2025
Committed on Sun Sep 21 12:42:00 UTC 2025
Committed on Sun Sep 21 18:29:28 UTC 2025
Committed on Mon Sep 22 01:55:05 UTC 2025
Committed on Mon Sep 22 06:36:04 UTC 2025
Committed on Mon Sep 22 12:49:26 UTC 2025
Committed on Mon Sep 22 18:31:53 UTC 2025
Committed on Tue Sep 23 01:45:39 UTC 2025
Committed on Tue Sep 23 06:34:26 UTC 2025
Committed on Tue Sep 23 12:47:46 UTC 2025
Committed on Tue Sep 23 18:33:25 UTC 2025
Committed on Wed Sep 24 01:47:10 UTC 2025
Committed on Wed Sep 24 06:34:09 UTC 2025
Committed on Wed Sep 24 12:48:35 UTC 2025
Committed on Wed Sep 24 18:30:55 UTC 2025
Committed on Thu Sep 25 01:47:53 UTC 2025
Committed on Thu Sep 25 06:34:41 UTC 2025
Committed on Thu Sep 25 12:49:45 UTC 2025
Committed on Thu Sep 25 18:33:40 UTC 2025
Committed on Fri Sep 26 01:47:03 UTC 2025
Committed on Fri Sep 26 06:33:41 UTC 2025
Committed on Fri Sep 26 12:48:29 UTC 2025
Committed on Fri Sep 26 18:30:33 UTC 2025
Committed on Sat Sep 27 01:42:45 UTC 2025
Committed on Sat Sep 27 06:29:45 UTC 2025
Committed on Sat Sep 27 12:41:24 UTC 2025
Committed on Sat Sep 27 18:29:02 UTC 2025
Committed on Sun Sep 28 01:55:57 UTC 2025
Committed on Sun Sep 28 06:31:40 UTC 2025
Committed on Sun Sep 28 12:41:56 UTC 2025
Committed on Sun Sep 28 18:28:38 UTC 2025
Committed on Mon Sep 29 01:50:09 UTC 2025
Committed on Mon Sep 29 06:36:17 UTC 2025
Committed on Mon Sep 29 12:50:39 UTC 2025
Committed on Mon Sep 29 18:33:36 UTC 2025
Committed on Tue Sep 30 01:45:10 UTC 2025
Committed on Tue Sep 30 06:35:11 UTC 2025
Committed on Tue Sep 30 12:50:49 UTC 2025
Committed on Tue Sep 30 18:30:47 UTC 2025
Committed on Wed Oct  1 01:57:22 UTC 2025
Committed on Wed Oct  1 06:34:54 UTC 2025
Committed on Wed Oct  1 12:50:43 UTC 2025
Committed on Wed Oct  1 18:33:09 UTC 2025
Committed on Thu Oct  2 01:45:15 UTC 2025
Committed on Thu Oct  2 06:33:49 UTC 2025
Committed on Thu Oct  2 12:46:09 UTC 2025
Committed on Thu Oct  2 18:32:30 UTC 2025
Committed on Fri Oct  3 01:45:02 UTC 2025
Committed on Fri Oct  3 06:33:11 UTC 2025
Committed on Fri Oct  3 12:46:06 UTC 2025
Committed on Fri Oct  3 18:31:52 UTC 2025
Committed on Sat Oct  4 01:41:24 UTC 2025
Committed on Sat Oct  4 06:30:40 UTC 2025
Committed on Sat Oct  4 12:41:19 UTC 2025
Committed on Sat Oct  4 18:28:57 UTC 2025
Committed on Sun Oct  5 01:55:26 UTC 2025
Committed on Sun Oct  5 06:31:00 UTC 2025
Committed on Sun Oct  5 12:41:50 UTC 2025
Committed on Sun Oct  5 18:29:23 UTC 2025
Committed on Mon Oct  6 01:48:30 UTC 2025
Committed on Mon Oct  6 06:35:27 UTC 2025
Committed on Mon Oct  6 12:50:05 UTC 2025
Committed on Mon Oct  6 18:33:37 UTC 2025
Committed on Tue Oct  7 01:45:52 UTC 2025
Committed on Tue Oct  7 06:34:31 UTC 2025
Committed on Tue Oct  7 12:49:34 UTC 2025
Committed on Tue Oct  7 18:34:11 UTC 2025
Committed on Wed Oct  8 01:46:10 UTC 2025
Committed on Wed Oct  8 06:34:53 UTC 2025
Committed on Wed Oct  8 12:49:46 UTC 2025
Committed on Wed Oct  8 18:34:21 UTC 2025
Committed on Thu Oct  9 01:46:59 UTC 2025
Committed on Thu Oct  9 06:35:15 UTC 2025
Committed on Thu Oct  9 12:50:01 UTC 2025
Committed on Thu Oct  9 18:33:04 UTC 2025
Committed on Fri Oct 10 01:47:36 UTC 2025
Committed on Fri Oct 10 06:34:50 UTC 2025
Committed on Fri Oct 10 12:48:33 UTC 2025
Committed on Fri Oct 10 18:32:31 UTC 2025
Committed on Sat Oct 11 01:42:50 UTC 2025
Committed on Sat Oct 11 06:30:31 UTC 2025
Committed on Sat Oct 11 12:41:29 UTC 2025
Committed on Sat Oct 11 18:27:18 UTC 2025
Committed on Sun Oct 12 01:51:07 UTC 2025
Committed on Sun Oct 12 06:30:50 UTC 2025
Committed on Sun Oct 12 12:41:46 UTC 2025
Committed on Sun Oct 12 18:29:02 UTC 2025
Committed on Mon Oct 13 01:54:34 UTC 2025
Committed on Mon Oct 13 06:36:33 UTC 2025
Committed on Mon Oct 13 12:49:48 UTC 2025
Committed on Mon Oct 13 18:32:13 UTC 2025
Committed on Tue Oct 14 01:47:56 UTC 2025
Committed on Tue Oct 14 06:34:40 UTC 2025
Committed on Tue Oct 14 12:51:46 UTC 2025
Committed on Tue Oct 14 18:33:52 UTC 2025
Committed on Wed Oct 15 01:50:48 UTC 2025
Committed on Wed Oct 15 06:34:49 UTC 2025
Committed on Wed Oct 15 12:51:17 UTC 2025
Committed on Wed Oct 15 18:34:16 UTC 2025
Committed on Thu Oct 16 01:49:33 UTC 2025
Committed on Thu Oct 16 06:34:38 UTC 2025
Committed on Thu Oct 16 12:51:23 UTC 2025
Committed on Thu Oct 16 18:33:30 UTC 2025
Committed on Fri Oct 17 06:34:04 UTC 2025
Committed on Fri Oct 17 12:49:44 UTC 2025
Committed on Fri Oct 17 18:30:51 UTC 2025
Committed on Sat Oct 18 01:43:27 UTC 2025
Committed on Sat Oct 18 06:31:40 UTC 2025
Committed on Sat Oct 18 12:42:52 UTC 2025
Committed on Sat Oct 18 18:29:29 UTC 2025
Committed on Sun Oct 19 02:00:33 UTC 2025
Committed on Sun Oct 19 06:32:39 UTC 2025
Committed on Sun Oct 19 12:42:30 UTC 2025
Committed on Sun Oct 19 18:30:07 UTC 2025
Committed on Mon Oct 20 01:57:45 UTC 2025
Committed on Mon Oct 20 06:36:06 UTC 2025
Committed on Mon Oct 20 12:50:36 UTC 2025
Committed on Mon Oct 20 18:35:24 UTC 2025
Committed on Tue Oct 21 01:51:40 UTC 2025
Committed on Tue Oct 21 06:34:54 UTC 2025
Committed on Tue Oct 21 12:52:00 UTC 2025
Committed on Tue Oct 21 18:34:04 UTC 2025
Committed on Wed Oct 22 01:54:45 UTC 2025
Committed on Wed Oct 22 06:35:56 UTC 2025
Committed on Wed Oct 22 12:52:48 UTC 2025
Committed on Wed Oct 22 18:35:43 UTC 2025
Committed on Thu Oct 23 01:50:17 UTC 2025
Committed on Thu Oct 23 06:35:00 UTC 2025
Committed on Thu Oct 23 12:51:57 UTC 2025
Committed on Thu Oct 23 18:34:23 UTC 2025
Committed on Fri Oct 24 01:46:21 UTC 2025
Committed on Fri Oct 24 06:34:06 UTC 2025
Committed on Fri Oct 24 12:51:16 UTC 2025
Committed on Fri Oct 24 18:31:47 UTC 2025
Committed on Sat Oct 25 01:48:02 UTC 2025
Committed on Sat Oct 25 06:31:46 UTC 2025
Committed on Sat Oct 25 12:42:15 UTC 2025
Committed on Sat Oct 25 18:30:34 UTC 2025
Committed on Sun Oct 26 01:56:46 UTC 2025
Committed on Sun Oct 26 06:32:35 UTC 2025
Committed on Sun Oct 26 12:44:06 UTC 2025
Committed on Sun Oct 26 18:31:14 UTC 2025
Committed on Mon Oct 27 02:00:58 UTC 2025
Committed on Mon Oct 27 06:38:36 UTC 2025
Committed on Mon Oct 27 12:51:59 UTC 2025
Committed on Mon Oct 27 18:34:25 UTC 2025
Committed on Tue Oct 28 01:50:28 UTC 2025
Committed on Tue Oct 28 06:36:48 UTC 2025
Committed on Tue Oct 28 12:50:25 UTC 2025
Committed on Tue Oct 28 18:36:04 UTC 2025
Committed on Wed Oct 29 01:57:31 UTC 2025
Committed on Wed Oct 29 06:36:48 UTC 2025
Committed on Wed Oct 29 12:52:10 UTC 2025
Committed on Wed Oct 29 18:34:57 UTC 2025
Committed on Thu Oct 30 01:56:52 UTC 2025
Committed on Thu Oct 30 06:35:06 UTC 2025
Committed on Thu Oct 30 12:50:44 UTC 2025
Committed on Thu Oct 30 18:34:37 UTC 2025
Committed on Fri Oct 31 01:53:35 UTC 2025
Committed on Fri Oct 31 06:35:37 UTC 2025
Committed on Fri Oct 31 12:50:16 UTC 2025
Committed on Fri Oct 31 18:34:26 UTC 2025
Committed on Sat Nov  1 01:56:58 UTC 2025
Committed on Sat Nov  1 06:32:00 UTC 2025
Committed on Sat Nov  1 12:43:26 UTC 2025
Committed on Sat Nov  1 18:29:34 UTC 2025
Committed on Sun Nov  2 01:59:42 UTC 2025
Committed on Sun Nov  2 06:33:28 UTC 2025
Committed on Sun Nov  2 12:42:27 UTC 2025
Committed on Sun Nov  2 18:29:13 UTC 2025
Committed on Mon Nov  3 01:58:50 UTC 2025
Committed on Mon Nov  3 06:37:25 UTC 2025
Committed on Mon Nov  3 12:51:27 UTC 2025
Committed on Mon Nov  3 18:32:53 UTC 2025
Committed on Tue Nov  4 01:54:21 UTC 2025
Committed on Tue Nov  4 06:36:48 UTC 2025
Committed on Tue Nov  4 12:53:49 UTC 2025
Committed on Tue Nov  4 18:34:55 UTC 2025
Committed on Wed Nov  5 01:55:36 UTC 2025
Committed on Wed Nov  5 06:36:11 UTC 2025
Committed on Wed Nov  5 12:51:24 UTC 2025
Committed on Wed Nov  5 18:34:55 UTC 2025
Committed on Thu Nov  6 01:55:27 UTC 2025
Committed on Thu Nov  6 06:36:42 UTC 2025
Committed on Thu Nov  6 12:51:15 UTC 2025
Committed on Thu Nov  6 18:35:20 UTC 2025
Committed on Fri Nov  7 01:54:22 UTC 2025
Committed on Fri Nov  7 06:36:18 UTC 2025
Committed on Fri Nov  7 12:50:00 UTC 2025
Committed on Fri Nov  7 18:33:38 UTC 2025
Committed on Sat Nov  8 01:48:09 UTC 2025
Committed on Sat Nov  8 06:32:18 UTC 2025
Committed on Sat Nov  8 12:43:29 UTC 2025
Committed on Sat Nov  8 18:31:25 UTC 2025
Committed on Sun Nov  9 01:58:18 UTC 2025
Committed on Sun Nov  9 06:32:48 UTC 2025
Committed on Sun Nov  9 12:43:38 UTC 2025
Committed on Sun Nov  9 18:30:14 UTC 2025
Committed on Mon Nov 10 01:59:52 UTC 2025
Committed on Mon Nov 10 06:38:03 UTC 2025
Committed on Mon Nov 10 12:52:25 UTC 2025
Committed on Mon Nov 10 18:34:47 UTC 2025
Committed on Tue Nov 11 01:56:21 UTC 2025
Committed on Tue Nov 11 06:37:00 UTC 2025
Committed on Tue Nov 11 12:51:22 UTC 2025
Committed on Tue Nov 11 18:34:20 UTC 2025
Committed on Wed Nov 12 01:55:26 UTC 2025
Committed on Wed Nov 12 06:36:46 UTC 2025
Committed on Wed Nov 12 12:52:34 UTC 2025
Committed on Wed Nov 12 18:33:03 UTC 2025
Committed on Thu Nov 13 01:57:05 UTC 2025
Committed on Thu Nov 13 06:36:43 UTC 2025
Committed on Thu Nov 13 12:52:52 UTC 2025
Committed on Thu Nov 13 18:34:42 UTC 2025
Committed on Fri Nov 14 01:56:06 UTC 2025
Committed on Fri Nov 14 06:36:39 UTC 2025
Committed on Fri Nov 14 12:50:31 UTC 2025
Committed on Fri Nov 14 18:34:23 UTC 2025
Committed on Sat Nov 15 01:52:00 UTC 2025
Committed on Sat Nov 15 06:33:21 UTC 2025
Committed on Sat Nov 15 12:44:24 UTC 2025
Committed on Sat Nov 15 18:30:54 UTC 2025
Committed on Sun Nov 16 02:01:50 UTC 2025
Committed on Sun Nov 16 06:34:16 UTC 2025
Committed on Sun Nov 16 12:44:15 UTC 2025
Committed on Sun Nov 16 18:31:37 UTC 2025
Committed on Mon Nov 17 01:56:59 UTC 2025
Committed on Mon Nov 17 06:37:21 UTC 2025
Committed on Mon Nov 17 12:51:45 UTC 2025
Committed on Mon Nov 17 18:34:38 UTC 2025
Committed on Tue Nov 18 01:55:18 UTC 2025
Committed on Tue Nov 18 06:35:57 UTC 2025
Committed on Tue Nov 18 12:51:43 UTC 2025
Committed on Tue Nov 18 18:36:12 UTC 2025
Committed on Wed Nov 19 01:55:12 UTC 2025
Committed on Wed Nov 19 06:36:03 UTC 2025
Committed on Wed Nov 19 12:51:52 UTC 2025
Committed on Wed Nov 19 18:36:10 UTC 2025
Committed on Thu Nov 20 01:53:39 UTC 2025
Committed on Thu Nov 20 06:35:53 UTC 2025
Committed on Thu Nov 20 12:50:54 UTC 2025
Committed on Thu Nov 20 18:35:59 UTC 2025
Committed on Fri Nov 21 01:54:40 UTC 2025
Committed on Fri Nov 21 06:37:22 UTC 2025
Committed on Fri Nov 21 12:50:02 UTC 2025
Committed on Fri Nov 21 18:31:57 UTC 2025
Committed on Sat Nov 22 01:50:22 UTC 2025
Committed on Sat Nov 22 06:33:01 UTC 2025
Committed on Sat Nov 22 12:42:51 UTC 2025
Committed on Sat Nov 22 18:32:04 UTC 2025
Committed on Sun Nov 23 02:09:12 UTC 2025
Committed on Sun Nov 23 06:34:31 UTC 2025
Committed on Sun Nov 23 12:42:39 UTC 2025
Committed on Sun Nov 23 18:32:25 UTC 2025
Committed on Mon Nov 24 02:03:28 UTC 2025
Committed on Mon Nov 24 06:37:30 UTC 2025
Committed on Mon Nov 24 12:53:13 UTC 2025
Committed on Mon Nov 24 18:36:22 UTC 2025
Committed on Tue Nov 25 01:56:43 UTC 2025
Committed on Tue Nov 25 06:38:08 UTC 2025
Committed on Tue Nov 25 12:52:43 UTC 2025
Committed on Tue Nov 25 18:37:37 UTC 2025
Committed on Wed Nov 26 01:56:50 UTC 2025
Committed on Wed Nov 26 06:37:38 UTC 2025
Committed on Wed Nov 26 12:54:00 UTC 2025
Committed on Wed Nov 26 18:32:22 UTC 2025
Committed on Thu Nov 27 01:54:29 UTC 2025
Committed on Thu Nov 27 06:38:06 UTC 2025
Committed on Thu Nov 27 12:52:48 UTC 2025
Committed on Thu Nov 27 18:33:43 UTC 2025
Committed on Fri Nov 28 01:54:20 UTC 2025
Committed on Fri Nov 28 06:38:01 UTC 2025
Committed on Fri Nov 28 12:51:03 UTC 2025
Committed on Fri Nov 28 18:33:46 UTC 2025
Committed on Sat Nov 29 01:54:04 UTC 2025
Committed on Sat Nov 29 06:34:44 UTC 2025
Committed on Sat Nov 29 12:47:37 UTC 2025
Committed on Sat Nov 29 18:33:06 UTC 2025
Committed on Sun Nov 30 02:07:55 UTC 2025
Committed on Sun Nov 30 06:36:14 UTC 2025
Committed on Sun Nov 30 12:47:04 UTC 2025
Committed on Sun Nov 30 18:33:08 UTC 2025
Committed on Mon Dec  1 02:21:49 UTC 2025
Committed on Mon Dec  1 06:40:22 UTC 2025
Committed on Mon Dec  1 12:53:59 UTC 2025
Committed on Mon Dec  1 18:40:39 UTC 2025
Committed on Tue Dec  2 01:58:39 UTC 2025
Committed on Tue Dec  2 06:39:06 UTC 2025
Committed on Tue Dec  2 12:54:55 UTC 2025
Committed on Tue Dec  2 18:39:31 UTC 2025
Committed on Wed Dec  3 01:58:07 UTC 2025
Committed on Wed Dec  3 06:38:35 UTC 2025
Committed on Wed Dec  3 12:55:35 UTC 2025
Committed on Wed Dec  3 18:38:40 UTC 2025
Committed on Thu Dec  4 01:59:23 UTC 2025
Committed on Thu Dec  4 06:38:26 UTC 2025
Committed on Thu Dec  4 12:55:21 UTC 2025
Committed on Thu Dec  4 18:39:19 UTC 2025
Committed on Fri Dec  5 01:59:42 UTC 2025
Committed on Fri Dec  5 06:38:34 UTC 2025
Committed on Fri Dec  5 12:52:10 UTC 2025
Committed on Fri Dec  5 18:34:08 UTC 2025
Committed on Sat Dec  6 01:53:12 UTC 2025
Committed on Sat Dec  6 06:34:46 UTC 2025
Committed on Sat Dec  6 12:48:01 UTC 2025
Committed on Sat Dec  6 18:32:42 UTC 2025
Committed on Sun Dec  7 02:08:53 UTC 2025
Committed on Sun Dec  7 06:34:29 UTC 2025
Committed on Sun Dec  7 12:46:25 UTC 2025
Committed on Sun Dec  7 18:32:55 UTC 2025
Committed on Mon Dec  8 02:00:36 UTC 2025
Committed on Mon Dec  8 06:41:33 UTC 2025
Committed on Mon Dec  8 12:53:41 UTC 2025
Committed on Mon Dec  8 18:38:31 UTC 2025
Committed on Tue Dec  9 01:59:30 UTC 2025
Committed on Tue Dec  9 06:39:32 UTC 2025
Committed on Tue Dec  9 12:55:08 UTC 2025
Committed on Tue Dec  9 18:34:33 UTC 2025
Committed on Wed Dec 10 02:01:39 UTC 2025
Committed on Wed Dec 10 06:39:57 UTC 2025
Committed on Wed Dec 10 12:55:43 UTC 2025
Committed on Wed Dec 10 18:36:41 UTC 2025
Committed on Thu Dec 11 02:03:23 UTC 2025
Committed on Thu Dec 11 06:40:37 UTC 2025
Committed on Thu Dec 11 12:57:04 UTC 2025
Committed on Thu Dec 11 18:37:19 UTC 2025
Committed on Fri Dec 12 02:02:30 UTC 2025
Committed on Fri Dec 12 06:40:17 UTC 2025
Committed on Fri Dec 12 12:54:27 UTC 2025
Committed on Fri Dec 12 18:38:23 UTC 2025
Committed on Sat Dec 13 01:56:10 UTC 2025
Committed on Sat Dec 13 06:36:19 UTC 2025
Committed on Sat Dec 13 12:48:42 UTC 2025
Committed on Sat Dec 13 18:32:44 UTC 2025
Committed on Sun Dec 14 02:09:08 UTC 2025
Committed on Sun Dec 14 06:36:04 UTC 2025
Committed on Sun Dec 14 12:48:55 UTC 2025
Committed on Sun Dec 14 18:34:09 UTC 2025
Committed on Mon Dec 15 02:06:36 UTC 2025
Committed on Mon Dec 15 06:42:10 UTC 2025
Committed on Mon Dec 15 12:57:37 UTC 2025
Committed on Mon Dec 15 18:38:53 UTC 2025
Committed on Tue Dec 16 02:03:13 UTC 2025
Committed on Tue Dec 16 06:40:54 UTC 2025
Committed on Tue Dec 16 12:56:09 UTC 2025
Committed on Tue Dec 16 18:38:49 UTC 2025
Committed on Wed Dec 17 01:58:34 UTC 2025
Committed on Wed Dec 17 06:40:09 UTC 2025
Committed on Wed Dec 17 12:55:53 UTC 2025
Committed on Wed Dec 17 18:39:34 UTC 2025
Committed on Thu Dec 18 01:59:18 UTC 2025
Committed on Thu Dec 18 06:39:53 UTC 2025
Committed on Thu Dec 18 12:54:10 UTC 2025
Committed on Thu Dec 18 18:38:32 UTC 2025
Committed on Fri Dec 19 02:02:00 UTC 2025
Committed on Fri Dec 19 06:38:39 UTC 2025
Committed on Fri Dec 19 12:52:27 UTC 2025
Committed on Fri Dec 19 18:36:46 UTC 2025
Committed on Sat Dec 20 01:56:03 UTC 2025
Committed on Sat Dec 20 06:36:57 UTC 2025
Committed on Sat Dec 20 12:48:45 UTC 2025
Committed on Sat Dec 20 18:32:34 UTC 2025
Committed on Sun Dec 21 02:09:01 UTC 2025
Committed on Sun Dec 21 06:37:10 UTC 2025
Committed on Sun Dec 21 12:49:22 UTC 2025
Committed on Sun Dec 21 18:34:20 UTC 2025
Committed on Mon Dec 22 02:08:18 UTC 2025
Committed on Mon Dec 22 06:41:35 UTC 2025
Committed on Mon Dec 22 12:53:42 UTC 2025
Committed on Mon Dec 22 18:37:23 UTC 2025
Committed on Tue Dec 23 02:03:33 UTC 2025
Committed on Tue Dec 23 06:40:58 UTC 2025
Committed on Tue Dec 23 12:54:59 UTC 2025
Committed on Tue Dec 23 18:38:12 UTC 2025
Committed on Wed Dec 24 02:01:39 UTC 2025
Committed on Wed Dec 24 06:40:50 UTC 2025
Committed on Wed Dec 24 12:53:02 UTC 2025
Committed on Wed Dec 24 18:36:42 UTC 2025
Committed on Thu Dec 25 02:03:53 UTC 2025
Committed on Thu Dec 25 06:40:02 UTC 2025
Committed on Thu Dec 25 12:52:31 UTC 2025
Committed on Thu Dec 25 18:36:04 UTC 2025
Committed on Fri Dec 26 02:02:57 UTC 2025
Committed on Fri Dec 26 06:39:29 UTC 2025
Committed on Fri Dec 26 12:52:38 UTC 2025
Committed on Fri Dec 26 18:36:03 UTC 2025
Committed on Sat Dec 27 02:00:34 UTC 2025
Committed on Sat Dec 27 06:37:47 UTC 2025
Committed on Sat Dec 27 12:50:10 UTC 2025
Committed on Sat Dec 27 18:34:42 UTC 2025
Committed on Sun Dec 28 02:21:08 UTC 2025
Committed on Sun Dec 28 06:38:00 UTC 2025
Committed on Sun Dec 28 12:50:57 UTC 2025
Committed on Sun Dec 28 18:35:44 UTC 2025
Committed on Mon Dec 29 02:19:07 UTC 2025
Committed on Mon Dec 29 06:42:31 UTC 2025
Committed on Mon Dec 29 12:56:04 UTC 2025
Committed on Mon Dec 29 18:37:12 UTC 2025
Committed on Tue Dec 30 02:04:28 UTC 2025
Committed on Tue Dec 30 06:39:59 UTC 2025
Committed on Tue Dec 30 12:55:16 UTC 2025
Committed on Tue Dec 30 18:38:29 UTC 2025
Committed on Wed Dec 31 02:04:48 UTC 2025
Committed on Wed Dec 31 06:40:12 UTC 2025
Committed on Wed Dec 31 12:53:34 UTC 2025
Committed on Wed Dec 31 18:36:29 UTC 2025
Committed on Thu Jan  1 02:21:39 UTC 2026
Committed on Thu Jan  1 06:40:55 UTC 2026
Committed on Thu Jan  1 12:53:39 UTC 2026
Committed on Thu Jan  1 18:36:47 UTC 2026
Committed on Fri Jan  2 02:06:18 UTC 2026
Committed on Fri Jan  2 06:40:32 UTC 2026
Committed on Fri Jan  2 12:52:29 UTC 2026
Committed on Fri Jan  2 18:36:39 UTC 2026
Committed on Sat Jan  3 01:59:47 UTC 2026
Committed on Sat Jan  3 06:38:12 UTC 2026
Committed on Sat Jan  3 12:50:41 UTC 2026
Committed on Sat Jan  3 18:35:03 UTC 2026
Committed on Sun Jan  4 02:23:04 UTC 2026
Committed on Sun Jan  4 06:38:42 UTC 2026
Committed on Sun Jan  4 12:51:23 UTC 2026
Committed on Sun Jan  4 18:35:19 UTC 2026
Committed on Mon Jan  5 02:22:25 UTC 2026
Committed on Mon Jan  5 06:47:49 UTC 2026
Committed on Mon Jan  5 12:58:10 UTC 2026
Committed on Mon Jan  5 18:40:16 UTC 2026
Committed on Tue Jan  6 02:06:02 UTC 2026
Committed on Tue Jan  6 06:41:37 UTC 2026
Committed on Tue Jan  6 12:55:49 UTC 2026
Committed on Tue Jan  6 18:39:02 UTC 2026
Committed on Wed Jan  7 02:06:00 UTC 2026
Committed on Wed Jan  7 06:41:13 UTC 2026
Committed on Wed Jan  7 12:56:49 UTC 2026
Committed on Wed Jan  7 18:40:23 UTC 2026
Committed on Thu Jan  8 02:05:56 UTC 2026
Committed on Thu Jan  8 06:41:33 UTC 2026
Committed on Thu Jan  8 12:57:03 UTC 2026
Committed on Thu Jan  8 18:36:17 UTC 2026
Committed on Fri Jan  9 02:07:24 UTC 2026
Committed on Fri Jan  9 06:41:26 UTC 2026
Committed on Fri Jan  9 12:56:02 UTC 2026
Committed on Fri Jan  9 18:39:41 UTC 2026
Committed on Sat Jan 10 02:03:19 UTC 2026
Committed on Sat Jan 10 06:37:14 UTC 2026
Committed on Sat Jan 10 12:50:44 UTC 2026
Committed on Sat Jan 10 18:35:28 UTC 2026
Committed on Sun Jan 11 02:22:39 UTC 2026
Committed on Sun Jan 11 06:39:00 UTC 2026
Committed on Sun Jan 11 12:51:52 UTC 2026
Committed on Sun Jan 11 18:35:35 UTC 2026
Committed on Mon Jan 12 02:12:04 UTC 2026
Committed on Mon Jan 12 06:45:19 UTC 2026
Committed on Mon Jan 12 12:58:43 UTC 2026
Committed on Mon Jan 12 18:40:05 UTC 2026
Committed on Tue Jan 13 02:03:47 UTC 2026
Committed on Tue Jan 13 06:41:41 UTC 2026
Committed on Tue Jan 13 12:58:39 UTC 2026
Committed on Tue Jan 13 18:37:40 UTC 2026
Committed on Wed Jan 14 02:11:02 UTC 2026
Committed on Wed Jan 14 06:41:35 UTC 2026
Committed on Wed Jan 14 12:58:27 UTC 2026
Committed on Wed Jan 14 18:40:06 UTC 2026
Committed on Thu Jan 15 02:05:36 UTC 2026
Committed on Thu Jan 15 06:41:12 UTC 2026
Committed on Thu Jan 15 12:57:04 UTC 2026
Committed on Thu Jan 15 18:44:02 UTC 2026
Committed on Fri Jan 16 02:07:47 UTC 2026
Committed on Fri Jan 16 06:41:30 UTC 2026
Committed on Fri Jan 16 12:56:04 UTC 2026
Committed on Fri Jan 16 18:39:59 UTC 2026
Committed on Sat Jan 17 02:01:49 UTC 2026
Committed on Sat Jan 17 06:37:39 UTC 2026
Committed on Sat Jan 17 12:50:44 UTC 2026
Committed on Sat Jan 17 18:35:09 UTC 2026
Committed on Sun Jan 18 02:21:17 UTC 2026
Committed on Sun Jan 18 06:38:08 UTC 2026
Committed on Sun Jan 18 12:50:45 UTC 2026
Committed on Sun Jan 18 18:34:22 UTC 2026
Committed on Mon Jan 19 02:18:49 UTC 2026
Committed on Mon Jan 19 06:47:48 UTC 2026
Committed on Mon Jan 19 13:01:47 UTC 2026
Committed on Mon Jan 19 18:39:28 UTC 2026
Committed on Tue Jan 20 02:07:31 UTC 2026
Committed on Tue Jan 20 06:45:10 UTC 2026
Committed on Tue Jan 20 13:02:09 UTC 2026
Committed on Tue Jan 20 18:50:12 UTC 2026
Committed on Wed Jan 21 02:10:43 UTC 2026
Committed on Wed Jan 21 06:45:24 UTC 2026
Committed on Wed Jan 21 13:01:23 UTC 2026
Committed on Wed Jan 21 18:51:01 UTC 2026
Committed on Thu Jan 22 02:11:59 UTC 2026
Committed on Thu Jan 22 06:42:12 UTC 2026
Committed on Thu Jan 22 13:02:07 UTC 2026
Committed on Thu Jan 22 18:41:04 UTC 2026
Committed on Fri Jan 23 02:07:22 UTC 2026
Committed on Fri Jan 23 06:41:56 UTC 2026
Committed on Fri Jan 23 12:58:45 UTC 2026
Committed on Fri Jan 23 18:41:28 UTC 2026
Committed on Sat Jan 24 02:03:48 UTC 2026
Committed on Sat Jan 24 06:38:40 UTC 2026
Committed on Sat Jan 24 12:52:03 UTC 2026
Committed on Sat Jan 24 18:36:43 UTC 2026
Committed on Sun Jan 25 02:24:53 UTC 2026
Committed on Sun Jan 25 06:39:27 UTC 2026
Committed on Sun Jan 25 12:53:44 UTC 2026
Committed on Sun Jan 25 18:36:48 UTC 2026
Committed on Mon Jan 26 02:23:57 UTC 2026
Committed on Mon Jan 26 06:46:33 UTC 2026
Committed on Mon Jan 26 13:00:13 UTC 2026
Committed on Mon Jan 26 18:43:54 UTC 2026
Committed on Tue Jan 27 02:20:30 UTC 2026
Committed on Tue Jan 27 06:44:03 UTC 2026
Committed on Tue Jan 27 13:02:29 UTC 2026
Committed on Tue Jan 27 18:48:31 UTC 2026
Committed on Wed Jan 28 02:10:16 UTC 2026
Committed on Wed Jan 28 06:44:49 UTC 2026
Committed on Wed Jan 28 13:02:23 UTC 2026
Committed on Wed Jan 28 18:44:16 UTC 2026
Committed on Thu Jan 29 02:32:02 UTC 2026
Committed on Thu Jan 29 06:55:59 UTC 2026
Committed on Thu Jan 29 13:09:24 UTC 2026
Committed on Thu Jan 29 18:55:34 UTC 2026
Committed on Fri Jan 30 02:32:12 UTC 2026
Committed on Fri Jan 30 06:57:41 UTC 2026
Committed on Fri Jan 30 13:07:34 UTC 2026
Committed on Fri Jan 30 18:52:22 UTC 2026
Committed on Sat Jan 31 02:28:06 UTC 2026
Committed on Sat Jan 31 06:48:27 UTC 2026
Committed on Sat Jan 31 12:59:21 UTC 2026
Committed on Sat Jan 31 18:40:02 UTC 2026
Committed on Sun Feb  1 02:53:03 UTC 2026
Committed on Sun Feb  1 06:57:02 UTC 2026
Committed on Sun Feb  1 13:01:44 UTC 2026
Committed on Sun Feb  1 18:42:21 UTC 2026
Committed on Mon Feb  2 02:42:39 UTC 2026
Committed on Mon Feb  2 07:09:03 UTC 2026
Committed on Mon Feb  2 13:12:09 UTC 2026
Committed on Tue Feb  3 02:39:01 UTC 2026
Committed on Tue Feb  3 06:59:29 UTC 2026
Committed on Tue Feb  3 13:13:17 UTC 2026
Committed on Tue Feb  3 19:02:03 UTC 2026
Committed on Wed Feb  4 02:33:24 UTC 2026
Committed on Wed Feb  4 07:00:13 UTC 2026
Committed on Wed Feb  4 13:12:14 UTC 2026
Committed on Wed Feb  4 18:57:58 UTC 2026
Committed on Thu Feb  5 02:34:59 UTC 2026
Committed on Thu Feb  5 07:05:55 UTC 2026
Committed on Thu Feb  5 13:14:24 UTC 2026
Committed on Thu Feb  5 18:56:43 UTC 2026
Committed on Fri Feb  6 02:35:23 UTC 2026
Committed on Fri Feb  6 07:01:44 UTC 2026
Committed on Fri Feb  6 13:12:09 UTC 2026
Committed on Fri Feb  6 18:58:41 UTC 2026
Committed on Sat Feb  7 02:30:56 UTC 2026
Committed on Sat Feb  7 06:51:20 UTC 2026
Committed on Sat Feb  7 13:00:58 UTC 2026
Committed on Sat Feb  7 18:42:39 UTC 2026
Committed on Sun Feb  8 03:14:02 UTC 2026
Committed on Sun Feb  8 06:57:25 UTC 2026
Committed on Sun Feb  8 13:01:52 UTC 2026
Committed on Sun Feb  8 18:44:50 UTC 2026
Committed on Mon Feb  9 02:43:04 UTC 2026
Committed on Mon Feb  9 07:11:47 UTC 2026
Committed on Mon Feb  9 13:21:08 UTC 2026
Committed on Mon Feb  9 19:23:27 UTC 2026
Committed on Tue Feb 10 02:52:07 UTC 2026
